Workbook

Sheet Berechnungen
A1: Führen Sie folgende Berechnungen durch.
A3: Addition
A4: Zahl1 | B4: Zahl2 | C4: Zahl3 | E4: Ergebnis
A5: 54 | B5: 586 | C5: 686 | E5: =SUM(A5:C5) -> 1326
A7: Subtraktion
A8: Zahl1 | B8: Zahl2 | C8: Zahl3
A9: 145 | B9: 55 | C9: 0.5 | E9: =A9-B9-C9 -> 89.5
A11: Division
A12: Zahl1 | B12: Zahl2
A13: 5745 | B13: 525 | E13: =A13/B13 -> 10.942857
A15: Multiplikation
A16: Zahl1 | B16: Zahl2 | C16: Zahl3
A17: 23 | B17: 11 | C17: 445 | E17: =A17*B17*C17 -> 112585

Sheet Berechnungen II
A1: Führen Sie folgende Berechnungen durch.
A3: Addition
A4: Zahl1 | B4: Zahl2 | D4: Ergebnis
A5: 1 | B5: 31 | D5: =SUM(A5:B5) -> 32
A6: 2 | B6: 30 | D6: =SUM(A6:B6) -> 32
A7: 3 | B7: 29 | D7: =SUM(A7:B7) -> 32
A8: 4 | B8: 28 | D8: =SUM(A8:B8) -> 32
A9: 5 | B9: 27 | D9: =SUM(A9:B9) -> 32
A10: 6 | B10: 26 | D10: =SUM(A10:B10) -> 32
A11: 7 | B11: 25 | D11: =SUM(A11:B11) -> 32
A12: 8 | B12: 24 | D12: =SUM(A12:B12) -> 32
A13: 9 | B13: 23 | D13: =SUM(A13:B13) -> 32
A14: 10 | B14: 22 | D14: =SUM(A14:B14) -> 32
A15: 11 | B15: 21 | D15: =SUM(A15:B15) -> 32
A16: 12 | B16: 20 | D16: =SUM(A16:B16) -> 32
... A35: 31 | B35: 1 | D35: =SUM(A35:B35) -> 32

Sheet Zellbezug
A1: Holen Sie sich die jeweiligen Autos zu den Fahrern aus dem nächsten Tabellenblatt mit Hilfe des Zellbezugs.
A3: Fahrer | B3: Auto
A4: Fahrer1 | B4: ='Zellbezug Info'!C3 -> Koenigsegg Agera S
A5: Fahrer2 | B5: ='Zellbezug Info'!C4 -> Audi A8 L
A6: Fahrer1 | B6: ='Zellbezug Info'!C3 -> Koenigsegg Agera S
A7: Fahrer1 | B7: ='Zellbezug Info'!C3 -> Koenigsegg Agera S
A8: Fahrer3 | B8: ='Zellbezug Info'!C5 -> Cadillac Escalade

Sheet Zellbezug Info
B3: Fahrer1 | C3: Koenigsegg Agera S
B4: Fahrer2 | C4: Audi A8 L
B5: Fahrer2 | C5: Cadillac Escalade

Sheet Funktionen
A1: Berechnen Sie die Summe, das Minimum, das Maximum und den Mittelwert. Runden Sie das Eis dementsprechend.
A3: Produkte | B3: Preis
A4: Backpulver | B4: 1.56 | F4: Summe | G4: =SUM(B4:B8) -> 15.28
A5: Eis | B5: 5.99 | F5: Min | G5: =MIN(B4:B8) -> 0.99
A6: Snack Gurken | B6: 2.85 | F6: Max | G6: =MAX(B4:B8) -> 5.99
A7: Schokolade | B7: 0.99 | F7: Mittelwert | G7: =AVERAGE(B4:B8) -> 3.056
A8: Brot | B8: 3.89
F9: Runden Eis - 1 Stelle | G9: =ROUND(B5,1) -> 6
F10: Aufrunden Eis - 2 Stellen | G10: =ROUNDUP(B5,2) -> 5.99
F11: Abrunden Eis - 0 Stellen | G11: =ROUNDDOWN(B5,0) -> 5

Sheet Bezüge
A1: Berechnen Sie Anzahl der Kisten (6 Flaschen passen maximal in eine Kiste). Auf das Runden nicht vergessen, da auch eine Kiste mit 4 Flaschen vergeben werden kann. Berechnen Sie den Preis. Arbeiten Sie mit Zellbezügen.
A3: Typ | B3: Anzahl Flaschen | C3: Anzahl Kisten | D3: Preis
A4: BIO 52 VZ | B4: 4585 | C4: =ROUND(B4/6, 0) -> 764 | D4: =C4*$G$4 -> 9550 | F4: 1 Kiste | G4: 12.5
A5: BIO 53 VZ | B5: 5541 | C5: =ROUND(B5/6, 0) -> 924 | D5: =C5*$G$4 -> 11550
A6: BIO 55 VZ | B6: 12 | C6: =ROUND(B6/6, 0) -> 2 | D6: =C6*$G$4 -> 25
A7: CIO 22 BZ | B7: 456 | C7: =ROUND(B7/6, 0) -> 76 | D7: =C7*$G$4 -> 950
A8: CIO 23 BZ | B8: 84 | C8: =ROUND(B8/6, 0) -> 14 | D8: =C8*$G$4 -> 175
A9: CIO 24 BZ | B9: 44 | C9: =ROUND(B9/6, 0) -> 7 | D9: =C9*$G$4 -> 87.5

Sheet Bezüge II
A1: Berechnen Sie die jeweiligen fehlenden Felder. Arbeiten Sie mit Zellbezügen.
A3: Produkt - 20 % | B3: Netto | C3: MWSt | D3: Brutto
A4: Produkt A | B4: 4.5 | C4: =B4*$G$4 -> 0.9 | D4: =SUM(B4:C4) -> 5.4 | F4: Steuer | G4: 0.2
A5: Produkt B | B5: 15.8 | C5: =B5*$G$4 -> 3.16 | D5: =SUM(B5:C5) -> 18.96 | F5: Steuer | G5: 0.1
A6: Produkt C | B6: 47.4 | C6: =B6*$G$4 -> 9.48 | D6: =SUM(B6:C6) -> 56.88 | F6: Steuer | G6: 0.13
A7: Produkt D | B7: 13 | C7: =B7*$G$4 -> 2.6 | D7: =SUM(B7:C7) -> 15.6
A9: Produkt - 10 % | B9: Netto | C9: MWSt | D9: Brutto
A10: Produkt A | B10: =D10-C10 -> 4.05 | C10: =D10*$G$5 -> 0.45 | D10: 4.5
A11: Produkt B | B11: =D11-C11 -> 14.22 | C11: =D11*$G$5 -> 1.58 | D11: 15.8
A12: Produkt C | B12: =D12-C12 -> 42.66 | C12: =D12*$G$5 -> 4.74 | D12: 47.4
A13: Produkt D | B13: =D13-C13 -> 11.7 | C13: =D13*$G$5 -> 1.3 | D13: 13
A15: Produkt - 13 % | B15: Netto | C15: MWSt | D15: Brutto
A16: Produkt A | B16: =C16/$G$6 -> 34.615385 | C16: 4.5 | D16: =SUM(B16:C16) -> 39.115385
A17: Produkt B | B17: =C17/$G$6 -> 121.53846 | C17: 15.8 | D17: =SUM(B17:C17) -> 137.33846
A18: Produkt C | B18: =C18/$G$6 -> 364.61538 | C18: 47.4 | D18: =SUM(B18:C18) -> 412.01538
A19: Produkt D | B19: =C19/$G$6 -> 100 | C19: 13 | D19: =SUM(B19:C19) -> 113

Sheet Bezüge III
A1: Berechnen Sie die jeweiligen fehlenden Felder. Berechnen Sie das Ergebnis direkt im pinken Feld.
A3: Sie brauchen 60% von 300 Gramm Mehl.
A4: =300*0.6 -> 180
A6: Von 150 Gramm Zucker sollen nur 24 Gramm in den Teig. Wieviel Prozent sind das?
A7: =24/150 -> 0.16
A9: Eine Handyhülle kostet € 9,99 brutto. Berechnen Sie den Nettobetrag. Steuersatz 20%
A10: =9.99/1.2 -> 8.325
A12: 100 Gramm Brot haben 352 Kalorien. Sie essen jedoch 245 Gramm. Wieviele Kalorien haben Sie zu sich genommen?
A13: =(245/100)*352 -> 862.4

Sheet Diagramm
A1: 1.) Erstellen Sie ein Diagramm, das alle drei Hotels sowie alle Nationen zeigt. 2.) Erstellen Sie ein Diagramm, das nur das Hotel Adler sowie die Nationen zeigt. 3.) Erstellen Sie ein Diagramm, das nur Hotel Alpenblick sowie die Nationen zeigt. Formatieren Sie die Diagramme nach Belieben und geben jedem einen TITEL.
A3: Gästeübernachtungen
A4: Nationen | B4: Hotel Post | C4: Hotel Adler | D4: Alpenblick
A5: Österreich | B5: 6500 | C5: 7290 | D5: 1911
A6: Deutschland | B6: 12355 | C6: 4867 | D6: 326
A7: Amerika | B7: 1323 | C7: 542 | D7: 78
A8: Italien | B8: 2149 | C8: 634 | D8: 160
A9: Frankreich | B9: 2068 | C9: 469 | D9: 52
A10: Holland | B10: 521 | C10: 712 | D10: 144
A11: Gesamt | B11: =SUM(B5:B10) -> 24916 | C11: =SUM(C5:C10) -> 14514 | D11: =SUM(D5:D10) -> 2671
