Workbook

Sheet Januar
A1: Seminar | B1: Köln | C1: Wien | D1: Zürich | E1: München
A2: Excel | B2: 150 | C2: 2 | D2: 4 | E2: 84
A3: Outlook | B3: 55 | C3: 5 | D3: 17 | E3: 58
A4: PowerPoint | B4: 4 | C4: 1 | D4: 23 | E4: 54
A5: Word | B5: 12 | C5: 2 | D5: 4 | E5: 45

Sheet Februar
A1: Seminar | B1: Köln | C1: Wien | D1: Zürich
A2: Excel | B2: 1 | C2: 15000 | D2: 9
A3: Outlook | B3: 1 | C3: 4 | D3: 17
A4: PowerPoint | B4: 22 | C4: 22 | D4: 11
A5: Word | B5: 3 | C5: 5 | D5: 10

Sheet März
A1: Seminar | B1: Köln | C1: Wien | D1: Zürich
A2: Excel | B2: 1 | C2: 2 | D2: 9
A3: Outlook | B3: 1 | C3: 4 | D3: 17
A4: PowerPoint | B4: 22 | C4: 22 | D4: 11
A5: Word | B5: 3 | C5: 5 | D5: 10

Sheet Tabelle1
D2: Köln | E2: Wien | F2: Zürich | G2: München
C3: Demo_Konsolidieren | D3: =Februar!$B$2 -> 1 | E3: =Februar!$C$2 -> 15000 | F3: =Februar!$D$2 -> 9
C4: Demo_Konsolidieren | D4: =Januar!$B$2 -> 150 | E4: =Januar!$C$2 -> 2 | F4: =Januar!$D$2 -> 4 | G4: =Januar!$E$2 -> 84
C5: Demo_Konsolidieren | D5: =März!$B$2 -> 1 | E5: =März!$C$2 -> 2 | F5: =März!$D$2 -> 9
B6: Excel | D6: =SUM(D3:D5) -> 152 | E6: =SUM(E3:E5) -> 15004 | F6: =SUM(F3:F5) -> 22 | G6: =SUM(G3:G5) -> 84
C7: Demo_Konsolidieren | D7: =Februar!$B$3 -> 1 | E7: =Februar!$C$3 -> 4 | F7: =Februar!$D$3 -> 17
C8: Demo_Konsolidieren | D8: =Januar!$B$3 -> 55 | E8: =Januar!$C$3 -> 5 | F8: =Januar!$D$3 -> 17 | G8: =Januar!$E$3 -> 58
C9: Demo_Konsolidieren | D9: =März!$B$3 -> 1 | E9: =März!$C$3 -> 4 | F9: =März!$D$3 -> 17
B10: Outlook | D10: =SUM(D7:D9) -> 57 | E10: =SUM(E7:E9) -> 13 | F10: =SUM(F7:F9) -> 51 | G10: =SUM(G7:G9) -> 58
C11: Demo_Konsolidieren | D11: =Februar!$B$4 -> 22 | E11: =Februar!$C$4 -> 22 | F11: =Februar!$D$4 -> 11
C12: Demo_Konsolidieren | D12: =Januar!$B$4 -> 4 | E12: =Januar!$C$4 -> 1 | F12: =Januar!$D$4 -> 23 | G12: =Januar!$E$4 -> 54
C13: Demo_Konsolidieren | D13: =März!$B$4 -> 22 | E13: =März!$C$4 -> 22 | F13: =März!$D$4 -> 11
B14: PowerPoint | D14: =SUM(D11:D13) -> 48 | E14: =SUM(E11:E13) -> 45 | F14: =SUM(F11:F13) -> 45 | G14: =SUM(G11:G13) -> 54
C15: Demo_Konsolidieren | D15: =Februar!$B$5 -> 3 | E15: =Februar!$C$5 -> 5 | F15: =Februar!$D$5 -> 10
C16: Demo_Konsolidieren | D16: =Januar!$B$5 -> 12 | E16: =Januar!$C$5 -> 2 | F16: =Januar!$D$5 -> 4 | G16: =Januar!$E$5 -> 45
C17: Demo_Konsolidieren | D17: =März!$B$5 -> 3 | E17: =März!$C$5 -> 5 | F17: =März!$D$5 -> 10
B18: Word | D18: =SUM(D15:D17) -> 18 | E18: =SUM(E15:E17) -> 12 | F18: =SUM(F15:F17) -> 24 | G18: =SUM(G15:G17) -> 45
